"time (m)",V,Ah
  0.000, 40.42, 0.0000
  0.010, 40.26, 0.0008
  0.020, 40.20, 0.0017
  0.030, 40.18, 0.0025
  0.041, 40.13, 0.0033
  0.050, 40.11, 0.0041
  0.060, 40.07, 0.0049
  0.071, 40.03, 0.0058
  0.081, 40.00, 0.0066
  0.092, 39.98, 0.0075
  0.102, 39.96, 0.0083
  0.111, 39.93, 0.0091
  0.122, 39.90, 0.0099
  0.131, 39.88, 0.0107
  0.141, 39.86, 0.0115
  0.150, 39.85, 0.0122
  0.160, 39.83, 0.0130
  0.169, 39.81, 0.0138
  0.180, 39.79, 0.0147
  0.190, 39.78, 0.0154
  0.200, 39.77, 0.0163
  0.211, 39.75, 0.0172
  0.221, 39.73, 0.0180
  0.240, 39.71, 0.0195
  0.250, 39.70, 0.0203
  0.259, 39.69, 0.0210
  0.272, 39.67, 0.0220
  0.281, 39.66, 0.0228
  0.291, 39.65, 0.0236
  0.301, 39.63, 0.0244
  0.322, 39.62, 0.0261
  0.332, 39.61, 0.0269
  0.342, 39.60, 0.0277
  0.352, 39.59, 0.0285
  0.363, 39.58, 0.0294
  0.373, 39.57, 0.0302
  0.385, 39.56, 0.0312
  0.395, 39.55, 0.0319
  0.415, 39.54, 0.0336
  0.425, 39.53, 0.0344
  0.434, 39.52, 0.0351
  0.454, 39.51, 0.0367
  0.463, 39.50, 0.0374
  0.473, 39.49, 0.0382
  0.493, 39.48, 0.0398
  0.503, 39.47, 0.0406
  0.532, 39.46, 0.0429
  0.542, 39.45, 0.0437
  0.563, 39.44, 0.0454
  0.581, 39.43, 0.0469
  0.603, 39.42, 0.0486
  0.634, 39.41, 0.0511
  0.644, 39.40, 0.0520
  0.674, 39.39, 0.0543
  0.705, 39.38, 0.0568
  0.724, 39.37, 0.0583
  0.764, 39.36, 0.0616
  0.785, 39.35, 0.0632
  0.825, 39.34, 0.0664
  0.854, 39.33, 0.0687
  0.893, 39.32, 0.0719
  0.924, 39.31, 0.0743
  0.978, 39.30, 0.0786
  1.047, 39.29, 0.0841
  1.108, 39.28, 0.0890
  1.189, 39.27, 0.0955
  1.239, 39.26, 0.0995
  1.366, 39.25, 0.1096
  1.456, 39.24, 0.1168
  1.527, 39.23, 0.1224
  1.790, 39.22, 0.1434
  1.905, 39.21, 0.1526
  2.211, 39.21, 0.1770
  2.380, 39.20, 0.1905
  2.611, 39.19, 0.2088
  2.925, 39.19, 0.2339
  3.236, 39.19, 0.2586
  3.375, 39.18, 0.2697
  3.685, 39.18, 0.2944
  3.958, 39.17, 0.3161
  4.264, 39.17, 0.3405
  4.522, 39.18, 0.3610
  4.829, 39.17, 0.3855
  5.145, 39.17, 0.4106
  5.295, 39.16, 0.4225
  5.435, 39.16, 0.4337
  5.565, 39.16, 0.4441
  5.873, 39.16, 0.4685
  5.963, 39.17, 0.4757
  6.205, 39.17, 0.4950
  6.515, 39.16, 0.5197
  6.820, 39.16, 0.5439
  7.131, 39.16, 0.5686
  7.435, 39.16, 0.5929
  7.487, 39.15, 0.5970
  7.792, 39.15, 0.6213
  7.812, 39.16, 0.6229
  8.120, 39.15, 0.6474
  8.431, 39.15, 0.6722
  8.741, 39.15, 0.6968
  9.038, 39.16, 0.7205
  9.346, 39.15, 0.7449
  9.585, 39.14, 0.7640
  9.782, 39.14, 0.7796
  9.970, 39.14, 0.7946
 10.276, 39.14, 0.8190
 10.587, 39.14, 0.8436
 10.899, 39.14, 0.8685
 11.175, 39.15, 0.8905
 11.291, 39.15, 0.8997
 11.600, 39.14, 0.9243
 11.909, 39.14, 0.9489
 12.220, 39.14, 0.9736
 12.527, 39.14, 0.9980
 12.835, 39.14, 1.0226
 13.141, 39.14, 1.0469
 13.449, 39.14, 1.0714
 13.758, 39.14, 1.0959
 13.828, 39.13, 1.1015
 14.008, 39.13, 1.1158
 14.181, 39.13, 1.1296
 14.493, 39.14, 1.1544
 14.523, 39.13, 1.1568
 14.804, 39.13, 1.1792
 14.999, 39.13, 1.1947
 15.188, 39.13, 1.2097
 15.427, 39.13, 1.2287
 15.597, 39.14, 1.2423
 15.786, 39.14, 1.2573
 16.025, 39.14, 1.2762
 16.332, 39.13, 1.3007
 16.449, 39.14, 1.3100
 16.689, 39.14, 1.3291
 16.870, 39.14, 1.3435
 17.107, 39.14, 1.3623
 17.412, 39.13, 1.3866
 17.431, 39.14, 1.3881
 17.738, 39.13, 1.4125
 18.048, 39.13, 1.4372
 18.352, 39.13, 1.4614
 18.662, 39.13, 1.4860
 18.879, 39.12, 1.5033
 19.136, 39.12, 1.5237
 19.334, 39.12, 1.5395
 19.493, 39.12, 1.5521
 19.800, 39.12, 1.5765
 19.831, 39.13, 1.5789
 20.141, 39.12, 1.6036
 20.315, 39.13, 1.6175
 20.621, 39.12, 1.6418
 20.741, 39.13, 1.6513
 21.009, 39.13, 1.6726
 21.230, 39.13, 1.6902
 21.450, 39.13, 1.7077
 21.759, 39.12, 1.7323
 22.069, 39.12, 1.7569
 22.097, 39.13, 1.7591
 22.407, 39.12, 1.7838
 22.715, 39.12, 1.8083
 23.022, 39.12, 1.8327
 23.333, 39.12, 1.8574
 23.646, 39.12, 1.8823
 23.956, 39.12, 1.9070
 24.262, 39.12, 1.9313
 24.569, 39.12, 1.9557
 24.876, 39.12, 1.9801
 25.184, 39.12, 2.0046
 25.485, 39.11, 2.0286
 25.757, 39.11, 2.0501
 26.067, 39.12, 2.0748
 26.237, 39.11, 2.0883
 26.542, 39.11, 2.1126
 26.552, 39.12, 2.1134
 26.858, 39.11, 2.1377
 27.172, 39.11, 2.1626
 27.370, 39.12, 2.1784
 27.678, 39.11, 2.2028
 27.708, 39.10, 2.2053
 27.780, 39.12, 2.2110
 28.095, 39.11, 2.2361
 28.405, 39.11, 2.2607
 28.714, 39.11, 2.2853
 28.952, 39.10, 2.3041
 29.256, 39.11, 2.3283
 29.561, 39.11, 2.3526
 29.864, 39.11, 2.3767
 29.925, 39.10, 2.3815
 30.229, 39.10, 2.4057
 30.260, 39.11, 2.4081
 30.566, 39.10, 2.4324
 30.873, 39.10, 2.4568
 31.092, 39.11, 2.4742
 31.211, 39.11, 2.4837
 31.515, 39.10, 2.5079
 31.535, 39.11, 2.5095
 31.843, 39.10, 2.5339
 32.153, 39.10, 2.5586
 32.458, 39.10, 2.5828
 32.766, 39.10, 2.6073
 33.073, 39.10, 2.6317
 33.171, 39.09, 2.6394
 33.437, 39.09, 2.6606
 33.743, 39.10, 2.6849
 34.002, 39.09, 2.7055
 34.308, 39.10, 2.7298
 34.377, 39.09, 2.7353
 34.684, 39.10, 2.7597
 34.755, 39.09, 2.7653
 35.061, 39.09, 2.7897
 35.372, 39.09, 2.8143
 35.679, 39.09, 2.8387
 35.806, 39.10, 2.8489
 36.118, 39.09, 2.8736
 36.316, 39.10, 2.8894
 36.627, 39.09, 2.9141
 36.942, 39.09, 2.9391
 37.216, 39.08, 2.9609
 37.357, 39.08, 2.9720
 37.668, 39.09, 2.9967
 37.974, 39.08, 3.0211
 38.182, 39.09, 3.0376
 38.368, 39.09, 3.0524
 38.676, 39.08, 3.0769
 38.984, 39.08, 3.1013
 39.291, 39.08, 3.1257
 39.602, 39.08, 3.1504
 39.623, 39.07, 3.1521
 39.827, 39.07, 3.1682
 40.117, 39.07, 3.1913
 40.216, 39.08, 3.1992
 40.526, 39.08, 3.2238
 40.833, 39.07, 3.2481
 41.144, 39.07, 3.2728
 41.448, 39.07, 3.2970
 41.754, 39.07, 3.3213
 42.063, 39.07, 3.3458
 42.370, 39.07, 3.3702
 42.500, 39.06, 3.3805
 42.808, 39.07, 3.4050
 43.114, 39.07, 3.4293
 43.294, 39.06, 3.4436
 43.455, 39.06, 3.4563
 43.763, 39.06, 3.4808
 43.803, 39.07, 3.4840
 44.078, 39.07, 3.5058
 44.297, 39.07, 3.5232
 44.601, 39.06, 3.5474
 44.727, 39.05, 3.5574
 44.978, 39.05, 3.5772
 45.285, 39.06, 3.6016
 45.315, 39.05, 3.6041
 45.490, 39.05, 3.6179
 45.797, 39.05, 3.6422
 46.105, 39.05, 3.6667
 46.146, 39.06, 3.6700
 46.457, 39.05, 3.6947
 46.766, 39.05, 3.7192
 47.071, 39.05, 3.7434
 47.320, 39.04, 3.7632
 47.627, 39.05, 3.7876
 47.941, 39.05, 3.8125
 47.952, 39.04, 3.8133
 48.099, 39.04, 3.8250
 48.410, 39.04, 3.8497
 48.724, 39.04, 3.8746
 48.924, 39.03, 3.8904
 49.142, 39.03, 3.9077
 49.450, 39.04, 3.9322
 49.627, 39.03, 3.9462
 49.937, 39.03, 3.9708
 50.242, 39.03, 3.9950
 50.550, 39.03, 4.0195
 50.858, 39.03, 4.0438
 51.165, 39.03, 4.0683
 51.325, 39.02, 4.0810
 51.506, 39.02, 4.0953
 51.712, 39.02, 4.1116
 52.024, 39.03, 4.1363
 52.330, 39.02, 4.1606
 52.381, 39.03, 4.1647
 52.680, 39.03, 4.1884
 52.898, 39.01, 4.2057
 53.097, 39.01, 4.2215
 53.255, 39.01, 4.2340
 53.563, 39.01, 4.2584
 53.873, 39.01, 4.2830
 53.922, 39.02, 4.2869
 54.235, 39.01, 4.3117
 54.546, 39.01, 4.3363
 54.856, 39.01, 4.3609
 55.018, 39.00, 4.3738
 55.323, 39.01, 4.3979
 55.342, 39.00, 4.3995
 55.591, 39.00, 4.4192
 55.899, 39.00, 4.4436
 56.210, 39.00, 4.4683
 56.438, 38.99, 4.4863
 56.744, 39.00, 4.5106
 56.970, 39.00, 4.5285
 57.246, 38.98, 4.5504
 57.551, 38.98, 4.5746
 57.859, 38.98, 4.5989
 57.946, 38.99, 4.6059
 58.254, 38.98, 4.6303
 58.564, 38.98, 4.6548
 58.877, 38.98, 4.6796
 58.908, 38.97, 4.6821
 59.221, 38.97, 4.7068
 59.465, 38.98, 4.7262
 59.771, 38.97, 4.7504
 59.880, 38.96, 4.7590
 60.179, 38.97, 4.7827
 60.491, 38.96, 4.8074
 60.803, 38.96, 4.8321
 61.113, 38.96, 4.8567
 61.163, 38.95, 4.8606
 61.291, 38.95, 4.8708
 61.543, 38.96, 4.8907
 61.652, 38.96, 4.8994
 61.961, 38.95, 4.9238
 61.981, 38.94, 4.9254
 62.206, 38.95, 4.9433
 62.343, 38.95, 4.9541
 62.653, 38.94, 4.9786
 62.952, 38.94, 5.0023
 63.200, 38.93, 5.0219
 63.508, 38.93, 5.0462
 63.548, 38.94, 5.0494
 63.857, 38.93, 5.0739
 63.885, 38.92, 5.0761
 64.026, 38.92, 5.0872
 64.289, 38.92, 5.1081
 64.544, 38.93, 5.1283
 64.855, 38.92, 5.1528
 64.886, 38.91, 5.1553
 65.023, 38.91, 5.1661
 65.333, 38.92, 5.1907
 65.422, 38.91, 5.1977
 65.653, 38.92, 5.2160
 65.963, 38.91, 5.2405
 66.164, 38.90, 5.2563
 66.476, 38.90, 5.2811
 66.739, 38.89, 5.3018
 66.987, 38.89, 5.3214
 67.298, 38.89, 5.3460
 67.610, 38.89, 5.3707
 67.757, 38.88, 5.3823
 67.936, 38.88, 5.3964
 68.243, 38.89, 5.4207
 68.550, 38.88, 5.4450
 68.562, 38.87, 5.4459
 68.871, 38.87, 5.4703
 69.177, 38.87, 5.4945
 69.485, 38.87, 5.5188
 69.706, 38.86, 5.5363
 69.904, 38.86, 5.5520
 70.209, 38.86, 5.5760
 70.381, 38.85, 5.5896
 70.694, 38.85, 5.6143
 70.997, 38.85, 5.6382
 71.204, 38.84, 5.6546
 71.512, 38.84, 5.6789
 71.818, 38.84, 5.7030
 71.970, 38.83, 5.7150
 72.276, 38.83, 5.7392
 72.587, 38.83, 5.7637
 72.900, 38.82, 5.7884
 73.212, 38.82, 5.8131
 73.421, 38.83, 5.8296
 73.647, 38.81, 5.8474
 73.954, 38.81, 5.8716
 74.005, 38.82, 5.8756
 74.250, 38.80, 5.8949
 74.452, 38.80, 5.9108
 74.758, 38.80, 5.9350
 75.065, 38.80, 5.9592
 75.176, 38.79, 5.9680
 75.491, 38.79, 5.9928
 75.802, 38.79, 6.0173
 76.010, 38.78, 6.0337
 76.324, 38.78, 6.0584
 76.634, 38.78, 6.0829
 76.950, 38.78, 6.1078
 77.023, 38.77, 6.1136
 77.346, 38.77, 6.1390
 77.566, 38.76, 6.1563
 77.811, 38.76, 6.1756
 78.127, 38.76, 6.2005
 78.439, 38.76, 6.2251
 78.695, 38.75, 6.2452
 78.945, 38.75, 6.2650
 79.090, 38.76, 6.2764
 79.401, 38.75, 6.3008
 79.715, 38.75, 6.3256
 79.776, 38.74, 6.3304
 80.084, 38.74, 6.3547
 80.224, 38.75, 6.3657
 80.449, 38.73, 6.3834
 80.760, 38.73, 6.4079
 81.067, 38.73, 6.4320
 81.373, 38.73, 6.4561
 81.684, 38.73, 6.4806
 81.753, 38.72, 6.4861
 82.063, 38.73, 6.5104
 82.371, 38.72, 6.5347
 82.616, 38.71, 6.5539
 82.929, 38.71, 6.5786
 82.949, 38.72, 6.5802
 83.262, 38.71, 6.6048
 83.567, 38.71, 6.6288
 83.876, 38.71, 6.6531
 84.014, 38.70, 6.6640
 84.230, 38.70, 6.6810
 84.517, 38.71, 6.7035
 84.775, 38.69, 6.7238
 85.006, 38.69, 6.7420
 85.179, 38.70, 6.7556
 85.409, 38.70, 6.7737
 85.725, 38.69, 6.7985
 86.036, 38.69, 6.8230
 86.340, 38.69, 6.8469
 86.629, 38.68, 6.8697
 86.939, 38.69, 6.8940
 87.142, 38.69, 6.9100
 87.330, 38.67, 6.9248
 87.549, 38.67, 6.9420
 87.857, 38.68, 6.9661
 88.168, 38.67, 6.9906
 88.199, 38.68, 6.9931
 88.511, 38.67, 7.0176
 88.820, 38.67, 7.0419
 89.124, 38.67, 7.0658
 89.133, 38.66, 7.0665
 89.441, 38.66, 7.0907
 89.746, 38.67, 7.1146
 89.755, 38.66, 7.1154
 90.025, 38.67, 7.1366
 90.340, 38.66, 7.1613
 90.361, 38.65, 7.1630
 90.552, 38.65, 7.1779
 90.653, 38.66, 7.1859
 90.966, 38.65, 7.2105
 91.280, 38.65, 7.2351
 91.371, 38.64, 7.2423
 91.681, 38.65, 7.2666
 91.717, 38.64, 7.2695
 92.022, 38.64, 7.2934
 92.332, 38.64, 7.3178
 92.638, 38.64, 7.3418
 92.943, 38.64, 7.3658
 93.252, 38.64, 7.3901
 93.519, 38.63, 7.4110
 93.736, 38.63, 7.4281
 94.043, 38.63, 7.4521
 94.350, 38.63, 7.4762
 94.401, 38.64, 7.4803
 94.707, 38.63, 7.5043
 94.996, 38.62, 7.5270
 95.203, 38.63, 7.5433
 95.512, 38.62, 7.5674
 95.817, 38.62, 7.5914
 96.124, 38.62, 7.6155
 96.432, 38.62, 7.6396
 96.590, 38.61, 7.6521
 96.898, 38.61, 7.6763
 97.019, 38.62, 7.6858
 97.325, 38.61, 7.7097
 97.335, 38.60, 7.7105
 97.621, 38.60, 7.7330
 97.932, 38.61, 7.7574
 97.971, 38.60, 7.7605
 98.282, 38.60, 7.7848
 98.588, 38.60, 7.8088
 98.896, 38.60, 7.8331
 99.204, 38.60, 7.8572
 99.316, 38.59, 7.8660
 99.624, 38.60, 7.8902
 99.933, 38.60, 7.9144
 99.973, 38.59, 7.9175
100.284, 38.59, 7.9419
100.421, 38.58, 7.9527
100.636, 38.58, 7.9695
100.946, 38.59, 7.9939
101.256, 38.59, 8.0182
101.315, 38.58, 8.0227
101.621, 38.58, 8.0468
101.877, 38.59, 8.0669
102.188, 38.58, 8.0912
102.493, 38.58, 8.1152
102.802, 38.58, 8.1394
103.109, 38.58, 8.1634
103.415, 38.58, 8.1875
103.485, 38.57, 8.1929
103.703, 38.57, 8.2100
103.817, 38.58, 8.2190
104.057, 38.58, 8.2378
104.342, 38.56, 8.2601
104.657, 38.57, 8.2848
104.686, 38.56, 8.2871
104.993, 38.57, 8.3112
105.005, 38.56, 8.3121
105.145, 38.56, 8.3230
105.242, 38.57, 8.3307
105.395, 38.56, 8.3427
105.693, 38.57, 8.3660
106.001, 38.56, 8.3902
106.282, 38.55, 8.4122
106.592, 38.56, 8.4365
106.622, 38.55, 8.4388
106.931, 38.55, 8.4631
106.940, 38.56, 8.4637
107.245, 38.55, 8.4876
107.551, 38.55, 8.5116
107.858, 38.55, 8.5357
108.166, 38.55, 8.5598
108.356, 38.54, 8.5747
108.476, 38.54, 8.5841
108.667, 38.54, 8.5991
108.953, 38.55, 8.6215
109.260, 38.54, 8.6455
109.439, 38.53, 8.6595
109.715, 38.53, 8.6811
110.024, 38.54, 8.7053
110.140, 38.53, 8.7144
110.280, 38.54, 8.7254
110.584, 38.53, 8.7492
110.893, 38.53, 8.7734
111.198, 38.53, 8.7973
111.508, 38.53, 8.8215
111.818, 38.53, 8.8459
112.059, 38.52, 8.8647
112.372, 38.52, 8.8892
112.683, 38.52, 8.9136
112.995, 38.52, 8.9380
113.025, 38.51, 8.9403
113.285, 38.51, 8.9607
113.590, 38.52, 8.9846
113.660, 38.51, 8.9901
113.811, 38.52, 9.0018
114.120, 38.51, 9.0261
114.433, 38.51, 9.0506
114.745, 38.51, 9.0749
115.055, 38.51, 9.0992
115.362, 38.51, 9.1233
115.413, 38.50, 9.1273
115.629, 38.50, 9.1442
115.807, 38.50, 9.1581
116.012, 38.50, 9.1742
116.322, 38.50, 9.1984
116.620, 38.49, 9.2217
116.790, 38.49, 9.2350
117.099, 38.50, 9.2592
117.404, 38.49, 9.2831
117.715, 38.49, 9.3074
118.025, 38.49, 9.3317
118.336, 38.49, 9.3559
118.647, 38.49, 9.3803
118.825, 38.48, 9.3942
119.131, 38.49, 9.4181
119.221, 38.48, 9.4252
119.525, 38.49, 9.4490
119.702, 38.49, 9.4629
120.016, 38.48, 9.4874
120.216, 38.49, 9.5030
120.523, 38.48, 9.5270
120.741, 38.47, 9.5441
121.052, 38.48, 9.5684
121.126, 38.47, 9.5742
121.433, 38.47, 9.5982
121.740, 38.47, 9.6222
121.821, 38.46, 9.6285
122.009, 38.46, 9.6432
122.316, 38.47, 9.6672
122.629, 38.46, 9.6917
122.936, 38.46, 9.7157
123.057, 38.45, 9.7251
123.367, 38.46, 9.7494
123.676, 38.46, 9.7735
123.776, 38.45, 9.7813
124.084, 38.45, 9.8054
124.105, 38.46, 9.8070
124.415, 38.45, 9.8313
124.725, 38.45, 9.8555
124.884, 38.44, 9.8680
125.195, 38.45, 9.8923
125.215, 38.44, 9.8938
125.521, 38.44, 9.9177
125.777, 38.45, 9.9378
126.084, 38.44, 9.9617
126.397, 38.44, 9.9862
126.705, 38.44,10.0102
126.785, 38.43,10.0165
127.050, 38.43,10.0372
127.208, 38.43,10.0495
127.485, 38.44,10.0711
127.793, 38.43,10.0952
128.055, 38.44,10.1157
128.362, 38.43,10.1396
128.577, 38.42,10.1564
128.831, 38.42,10.1763
129.140, 38.43,10.2005
129.448, 38.42,10.2245
129.753, 38.42,10.2483
130.058, 38.42,10.2721
130.340, 38.41,10.2941
130.648, 38.42,10.3181
130.955, 38.41,10.3421
131.091, 38.40,10.3528
131.400, 38.41,10.3769
131.610, 38.40,10.3933
131.915, 38.41,10.4171
132.223, 38.40,10.4411
132.530, 38.40,10.4651
132.841, 38.40,10.4893
133.147, 38.40,10.5132
133.453, 38.40,10.5371
133.563, 38.39,10.5457
133.725, 38.39,10.5584
133.861, 38.39,10.5690
134.171, 38.39,10.5931
134.484, 38.39,10.6176
134.513, 38.38,10.6198
134.746, 38.38,10.6380
135.055, 38.38,10.6621
135.297, 38.39,10.6810
135.602, 38.38,10.7048
135.909, 38.38,10.7287
135.919, 38.37,10.7296
136.168, 38.38,10.7490
136.477, 38.37,10.7730
136.781, 38.37,10.7967
137.086, 38.37,10.8205
137.246, 38.36,10.8330
137.549, 38.37,10.8566
137.638, 38.36,10.8636
137.942, 38.36,10.8873
138.023, 38.37,10.8936
138.331, 38.36,10.9177
138.581, 38.35,10.9371
138.818, 38.35,10.9556
139.132, 38.35,10.9800
139.213, 38.36,10.9863
139.529, 38.35,11.0110
139.840, 38.35,11.0352
140.145, 38.35,11.0591
140.295, 38.34,11.0707
140.607, 38.35,11.0950
140.711, 38.34,11.1031
141.017, 38.34,11.1270
141.249, 38.33,11.1450
141.418, 38.33,11.1582
141.722, 38.33,11.1819
142.029, 38.33,11.2058
142.335, 38.33,11.2296
142.644, 38.33,11.2537
142.949, 38.33,11.2775
143.235, 38.32,11.2998
143.544, 38.32,11.3239
143.854, 38.32,11.3480
144.164, 38.32,11.3721
144.193, 38.31,11.3744
144.403, 38.31,11.3907
144.593, 38.31,11.4055
144.903, 38.31,11.4297
144.941, 38.30,11.4327
145.114, 38.30,11.4461
145.424, 38.30,11.4702
145.729, 38.30,11.4940
146.035, 38.30,11.5177
146.346, 38.30,11.5420
146.658, 38.30,11.5663
146.749, 38.29,11.5733
147.060, 38.29,11.5976
147.372, 38.29,11.6218
147.420, 38.28,11.6256
147.579, 38.28,11.6379
147.852, 38.29,11.6592
147.990, 38.29,11.6699
148.298, 38.28,11.6939
148.523, 38.27,11.7114
148.829, 38.28,11.7352
148.898, 38.27,11.7406
149.122, 38.27,11.7580
149.223, 38.28,11.7659
149.531, 38.27,11.7899
149.840, 38.27,11.8139
149.850, 38.26,11.8146
150.022, 38.26,11.8280
150.327, 38.26,11.8517
150.639, 38.26,11.8760
150.884, 38.25,11.8950
151.053, 38.25,11.9082
151.242, 38.26,11.9228
151.457, 38.26,11.9396
151.764, 38.25,11.9634
151.896, 38.24,11.9737
152.201, 38.24,11.9974
152.510, 38.24,12.0214
152.769, 38.23,12.0416
153.081, 38.23,12.0658
153.391, 38.23,12.0899
153.701, 38.23,12.1140
153.721, 38.22,12.1155
154.029, 38.22,12.1395
154.341, 38.22,12.1637
154.350, 38.21,12.1644
154.656, 38.21,12.1882
154.968, 38.21,12.2124
155.203, 38.20,12.2307
155.514, 38.20,12.2548
155.818, 38.20,12.2784
155.879, 38.19,12.2831
155.979, 38.20,12.2909
156.139, 38.20,12.3033
156.450, 38.19,12.3275
156.650, 38.18,12.3429
156.843, 38.18,12.3579
157.152, 38.18,12.3819
157.189, 38.17,12.3848
157.498, 38.17,12.4088
157.804, 38.17,12.4325
158.114, 38.17,12.4566
158.154, 38.16,12.4597
158.330, 38.16,12.4733
158.639, 38.16,12.4973
158.859, 38.15,12.5143
159.168, 38.15,12.5383
159.476, 38.15,12.5622
159.486, 38.14,12.5630
159.792, 38.14,12.5867
159.976, 38.13,12.6009
160.288, 38.13,12.6251
160.368, 38.12,12.6313
160.545, 38.13,12.6451
160.854, 38.12,12.6689
161.164, 38.11,12.6930
161.471, 38.11,12.7168
161.571, 38.10,12.7245
161.680, 38.10,12.7330
161.993, 38.10,12.7572
162.301, 38.10,12.7810
162.341, 38.09,12.7841
162.605, 38.08,12.8046
162.907, 38.08,12.8280
163.168, 38.07,12.8481
163.471, 38.07,12.8716
163.592, 38.06,12.8810
163.896, 38.06,12.9044
164.036, 38.05,12.9153
164.347, 38.05,12.9394
164.386, 38.04,12.9423
164.691, 38.04,12.9660
164.890, 38.03,12.9813
165.201, 38.03,13.0054
165.419, 38.02,13.0222
165.589, 38.03,13.0354
165.811, 38.01,13.0525
166.121, 38.01,13.0764
166.221, 38.00,13.0841
166.529, 38.00,13.1079
166.557, 37.99,13.1102
166.864, 37.99,13.1338
166.931, 37.98,13.1390
167.240, 37.98,13.1629
167.281, 37.97,13.1660
167.594, 37.97,13.1901
167.633, 37.96,13.1932
167.944, 37.96,13.2172
168.034, 37.95,13.2241
168.261, 37.94,13.2416
168.566, 37.94,13.2652
168.636, 37.93,13.2705
168.940, 37.93,13.2940
168.980, 37.92,13.2971
169.287, 37.92,13.3207
169.396, 37.91,13.3291
169.655, 37.90,13.3491
169.965, 37.90,13.3730
170.065, 37.89,13.3807
170.375, 37.89,13.4046
170.405, 37.88,13.4069
170.626, 37.87,13.4239
170.935, 37.87,13.4477
170.985, 37.86,13.4515
171.196, 37.85,13.4677
171.506, 37.85,13.4916
171.536, 37.84,13.4939
171.728, 37.83,13.5086
172.009, 37.82,13.5303
172.317, 37.82,13.5539
172.417, 37.81,13.5616
172.687, 37.80,13.5823
172.904, 37.79,13.5990
173.114, 37.78,13.6151
173.416, 37.78,13.6383
173.447, 37.77,13.6407
173.714, 37.76,13.6612
173.945, 37.75,13.6789
174.162, 37.74,13.6956
174.263, 37.75,13.7033
174.452, 37.73,13.7178
174.660, 37.72,13.7338
174.974, 37.72,13.7578
175.025, 37.71,13.7618
175.147, 37.70,13.7710
175.305, 37.69,13.7832
175.619, 37.69,13.8072
175.629, 37.68,13.8080
175.819, 37.67,13.8225
176.003, 37.66,13.8367
176.199, 37.65,13.8516
176.449, 37.64,13.8708
176.595, 37.63,13.8820
176.797, 37.62,13.8974
177.056, 37.61,13.9172
177.186, 37.60,13.9271
177.446, 37.59,13.9470
177.644, 37.58,13.9621
177.864, 37.57,13.9789
178.007, 37.56,13.9898
178.298, 37.55,14.0120
178.459, 37.54,14.0243
178.637, 37.53,14.0379
178.920, 37.52,14.0595
179.129, 37.51,14.0754
179.366, 37.50,14.0935
179.514, 37.49,14.1047
179.743, 37.48,14.1222
179.925, 37.47,14.1360
180.199, 37.46,14.1569
180.437, 37.45,14.1750
180.586, 37.44,14.1864
180.795, 37.43,14.2023
181.023, 37.42,14.2196
181.288, 37.41,14.2397
181.439, 37.40,14.2512
181.696, 37.39,14.2708
181.863, 37.38,14.2835
182.106, 37.37,14.3019
182.307, 37.36,14.3172
182.505, 37.35,14.3322
182.771, 37.34,14.3524
182.942, 37.33,14.3654
183.199, 37.32,14.3849
183.392, 37.31,14.3995
183.640, 37.30,14.4183
183.905, 37.29,14.4384
184.004, 37.28,14.4459
184.312, 37.28,14.4692
184.322, 37.27,14.4700
184.619, 37.26,14.4925
184.915, 37.25,14.5149
185.141, 37.24,14.5320
185.439, 37.23,14.5546
185.684, 37.22,14.5730
185.994, 37.22,14.5966
186.005, 37.21,14.5974
186.239, 37.20,14.6150
186.463, 37.19,14.6320
186.748, 37.18,14.6536
187.058, 37.18,14.6769
187.068, 37.17,14.6777
187.338, 37.16,14.6981
187.628, 37.15,14.7200
187.933, 37.15,14.7430
188.043, 37.14,14.7513
188.215, 37.13,14.7643
188.532, 37.13,14.7882
188.650, 37.12,14.7971
188.809, 37.11,14.8091
189.049, 37.10,14.8272
189.356, 37.10,14.8504
189.406, 37.09,14.8542
189.670, 37.08,14.8740
189.982, 37.08,14.8976
190.033, 37.07,14.9014
190.231, 37.06,14.9163
190.518, 37.05,14.9379
190.606, 37.04,14.9446
190.916, 37.04,14.9679
191.108, 37.03,14.9823
191.305, 37.02,14.9972
191.433, 37.01,15.0068
191.742, 37.01,15.0301
191.752, 37.00,15.0308
191.981, 36.99,15.0480
192.233, 36.98,15.0669
192.371, 36.97,15.0773
192.680, 36.97,15.1005
192.700, 36.96,15.1021
192.860, 36.95,15.1140
193.111, 36.94,15.1329
193.280, 36.93,15.1456
193.476, 36.92,15.1603
193.694, 36.91,15.1767
193.892, 36.90,15.1915
194.140, 36.89,15.2101
194.301, 36.88,15.2222
194.512, 36.87,15.2380
194.662, 36.86,15.2492
194.819, 36.85,15.2610
194.998, 36.84,15.2744
195.195, 36.83,15.2891
195.363, 36.82,15.3017
195.503, 36.81,15.3121
195.671, 36.80,15.3247
195.807, 36.79,15.3349
195.969, 36.78,15.3470
196.107, 36.77,15.3573
196.255, 36.76,15.3684
196.364, 36.75,15.3765
196.521, 36.74,15.3882
196.701, 36.73,15.4017
196.791, 36.72,15.4084
197.013, 36.71,15.4249
197.104, 36.70,15.4318
197.247, 36.69,15.4424
197.387, 36.68,15.4528
197.447, 36.67,15.4573
197.554, 36.66,15.4653
197.693, 36.65,15.4757
197.834, 36.64,15.4862
197.954, 36.63,15.4951
198.077, 36.62,15.5042
198.166, 36.61,15.5109
198.264, 36.60,15.5182
198.363, 36.59,15.5255
198.454, 36.58,15.5323
198.622, 36.57,15.5447
198.688, 36.56,15.5497
198.817, 36.55,15.5593
198.885, 36.54,15.5643
199.004, 36.53,15.5732
199.086, 36.52,15.5792
199.165, 36.51,15.5851
199.285, 36.50,15.5940
199.325, 36.49,15.5969
199.455, 36.48,15.6066
199.543, 36.47,15.6132
199.654, 36.46,15.6213
199.712, 36.45,15.6257
199.804, 36.44,15.6324
199.882, 36.43,15.6383
199.953, 36.42,15.6435
200.043, 36.41,15.6502
200.110, 36.40,15.6551
200.180, 36.39,15.6603
200.281, 36.38,15.6678
200.352, 36.37,15.6730
200.412, 36.36,15.6775
200.543, 36.35,15.6871
200.574, 36.34,15.6894
200.660, 36.33,15.6958
200.748, 36.32,15.7022
200.794, 36.31,15.7057
200.893, 36.30,15.7130
200.941, 36.29,15.7165
201.031, 36.28,15.7231
201.070, 36.27,15.7260
201.169, 36.26,15.7333
201.219, 36.25,15.7370
201.290, 36.24,15.7422
201.368, 36.23,15.7480
201.388, 36.22,15.7494
201.498, 36.21,15.7575
201.556, 36.20,15.7618
201.628, 36.19,15.7671
201.666, 36.18,15.7699
201.716, 36.17,15.7736
201.783, 36.16,15.7785
201.862, 36.15,15.7843
201.913, 36.14,15.7880
201.964, 36.13,15.7918
202.033, 36.12,15.7969
202.104, 36.11,15.8021
202.153, 36.10,15.8056
202.203, 36.09,15.8093
202.261, 36.08,15.8136
202.312, 36.07,15.8173
202.362, 36.06,15.8210
202.422, 36.05,15.8254
202.483, 36.04,15.8298
202.533, 36.03,15.8335
202.603, 36.02,15.8386
202.652, 36.01,15.8422
202.683, 36.00,15.8445
202.742, 35.99,15.8488
202.811, 35.98,15.8539
202.850, 35.97,15.8567
202.911, 35.96,15.8612
202.941, 35.95,15.8633
202.999, 35.94,15.8676
203.068, 35.93,15.8726
203.108, 35.92,15.8755
203.157, 35.91,15.8791
203.176, 35.90,15.8805
203.234, 35.89,15.8848
203.294, 35.88,15.8891
203.343, 35.87,15.8927
203.391, 35.86,15.8962
203.450, 35.85,15.9005
203.480, 35.84,15.9027
203.537, 35.83,15.9068
203.578, 35.82,15.9098
203.587, 35.81,15.9105
203.649, 35.80,15.9150
203.697, 35.79,15.9185
203.736, 35.78,15.9213
203.786, 35.77,15.9249
203.845, 35.76,15.9292
203.886, 35.75,15.9322
203.895, 35.74,15.9329
203.957, 35.73,15.9374
204.006, 35.72,15.9409
204.056, 35.71,15.9445
204.096, 35.70,15.9474
204.125, 35.69,15.9496
204.167, 35.68,15.9526
204.227, 35.67,15.9569
204.266, 35.66,15.9598
204.296, 35.65,15.9619
204.337, 35.64,15.9649
204.377, 35.63,15.9678
204.427, 35.62,15.9715
204.468, 35.61,15.9744
204.500, 35.60,15.9767
204.539, 35.59,15.9796
204.597, 35.58,15.9837
204.617, 35.57,15.9852
204.648, 35.56,15.9874
204.716, 35.55,15.9924
204.737, 35.54,15.9939
204.786, 35.53,15.9974
204.806, 35.52,15.9988
204.853, 35.51,16.0023
204.895, 35.50,16.0053
204.935, 35.49,16.0081
204.964, 35.48,16.0102
205.002, 35.47,16.0130
205.022, 35.46,16.0144
205.082, 35.45,16.0187
205.112, 35.44,16.0209
205.140, 35.43,16.0229
205.189, 35.42,16.0264
205.220, 35.41,16.0287
205.259, 35.40,16.0314
205.296, 35.39,16.0341
205.317, 35.38,16.0356
205.359, 35.37,16.0387
205.390, 35.36,16.0409
205.449, 35.35,16.0451
205.468, 35.34,16.0465
205.507, 35.33,16.0493
205.536, 35.32,16.0514
205.565, 35.31,16.0534
205.615, 35.30,16.0570
205.636, 35.29,16.0585
205.675, 35.28,16.0614
205.705, 35.27,16.0635
205.744, 35.26,16.0663
205.764, 35.25,16.0677
205.804, 35.24,16.0706
205.843, 35.23,16.0734
205.863, 35.22,16.0748
205.904, 35.21,16.0778
205.934, 35.20,16.0799
205.964, 35.19,16.0820
205.995, 35.18,16.0842
206.024, 35.17,16.0864
206.065, 35.16,16.0893
206.106, 35.15,16.0922
206.136, 35.14,16.0943
206.157, 35.13,16.0958
206.197, 35.12,16.0987
206.217, 35.11,16.1001
206.267, 35.10,16.1037
206.297, 35.09,16.1058
206.327, 35.08,16.1079
206.347, 35.07,16.1094
206.366, 35.06,16.1108
206.405, 35.05,16.1135
206.425, 35.04,16.1149
206.465, 35.03,16.1178
206.485, 35.02,16.1192
206.526, 35.01,16.1221
206.555, 35.00,16.1242
206.584, 34.99,16.1263
discharge reached: 16 mAh consumed
