time,V,Ah
0.25,39.95,0.020
0.50,39.51,0.040
0.75,39.22,0.060
1.00,39.08,0.080
1.25,39.01,0.100
1.50,38.97,0.120
1.75,38.95,0.140
2.00,38.93,0.159
2.25,38.92,0.179
2.50,38.92,0.199
2.75,38.91,0.219
3.00,38.90,0.238
3.25,38.90,0.258
3.50,38.89,0.278
3.75,38.89,0.298
4.00,38.89,0.317
4.25,38.89,0.337
4.50,38.89,0.357
4.75,38.88,0.377
5.00,38.88,0.397
5.25,38.88,0.416
5.50,38.88,0.436
5.75,38.88,0.456
6.00,38.88,0.476
6.25,38.87,0.495
6.50,38.87,0.515
6.75,38.87,0.535
7.00,38.87,0.555
7.25,38.87,0.574
7.50,38.87,0.594
7.75,38.87,0.614
8.00,38.87,0.634
8.25,38.87,0.653
8.50,38.87,0.673
8.75,38.87,0.693
9.00,38.87,0.713
9.25,38.87,0.732
9.50,38.87,0.752
9.75,38.87,0.772
10.00,38.87,0.792
10.25,38.86,0.811
10.50,38.87,0.831
10.75,38.87,0.851
11.00,38.86,0.871
11.25,38.87,0.890
11.50,38.87,0.910
11.75,38.86,0.930
12.00,38.86,0.950
12.25,38.86,0.969
12.50,38.86,0.989
12.75,38.86,1.009
13.00,38.86,1.029
13.25,38.86,1.048
13.50,38.86,1.068
13.75,38.86,1.088
14.00,38.86,1.108
14.25,38.86,1.127
14.50,38.85,1.147
14.75,38.86,1.167
15.00,38.85,1.186
15.25,38.85,1.206
15.50,38.85,1.226
15.75,38.85,1.246
16.00,38.85,1.265
16.25,38.85,1.285
16.50,38.85,1.305
16.75,38.85,1.325
17.00,38.85,1.344
17.25,38.85,1.364
17.50,38.85,1.384
17.75,38.85,1.404
18.00,38.85,1.423
18.25,38.85,1.443
18.50,38.85,1.463
18.75,38.85,1.483
19.00,38.85,1.502
19.25,38.84,1.522
19.50,38.84,1.542
19.75,38.84,1.562
20.00,38.84,1.581
20.25,38.84,1.601
20.50,38.84,1.621
20.75,38.84,1.641
21.00,38.84,1.660
21.25,38.84,1.680
21.50,38.84,1.700
21.75,38.84,1.719
22.00,38.83,1.739
22.25,38.83,1.759
22.50,38.83,1.779
22.75,38.83,1.798
23.00,38.83,1.818
23.25,38.83,1.838
23.50,38.83,1.858
23.75,38.83,1.877
24.00,38.83,1.897
24.25,38.83,1.917
24.50,38.83,1.936
24.75,38.82,1.956
25.00,38.82,1.976
25.25,38.82,1.996
25.50,38.82,2.015
25.75,38.82,2.035
26.00,38.82,2.055
26.25,38.82,2.075
26.50,38.81,2.094
26.75,38.81,2.114
27.00,38.81,2.134
27.25,38.81,2.153
27.50,38.81,2.173
27.75,38.81,2.193
28.00,38.81,2.213
28.25,38.80,2.232
28.50,38.81,2.252
28.75,38.80,2.272
29.00,38.80,2.291
29.25,38.80,2.311
29.50,38.80,2.331
29.75,38.80,2.351
30.00,38.80,2.370
30.25,38.80,2.390
30.50,38.80,2.410
30.75,38.79,2.429
31.00,38.79,2.449
31.25,38.79,2.469
31.50,38.79,2.489
31.75,38.79,2.508
32.00,38.79,2.528
32.25,38.79,2.548
32.50,38.78,2.567
32.75,38.78,2.587
33.00,38.78,2.607
33.25,38.78,2.627
33.50,38.78,2.646
33.75,38.78,2.666
34.00,38.78,2.686
34.25,38.77,2.705
34.50,38.77,2.725
34.75,38.77,2.745
35.00,38.77,2.764
35.25,38.77,2.784
35.50,38.76,2.804
35.75,38.76,2.824
36.00,38.76,2.843
36.25,38.76,2.863
36.50,38.76,2.883
36.75,38.76,2.902
37.00,38.76,2.922
37.25,38.76,2.942
37.50,38.75,2.961
37.75,38.75,2.981
38.00,38.75,3.001
38.25,38.74,3.020
38.50,38.74,3.040
38.75,38.74,3.060
39.00,38.74,3.080
39.25,38.74,3.099
39.50,38.73,3.119
39.75,38.73,3.139
40.00,38.73,3.158
40.25,38.73,3.178
40.50,38.73,3.198
40.75,38.73,3.217
41.00,38.72,3.237
41.25,38.72,3.257
41.50,38.72,3.276
41.75,38.72,3.296
42.00,38.71,3.316
42.25,38.71,3.335
42.50,38.71,3.355
42.75,38.71,3.375
43.00,38.71,3.394
43.25,38.71,3.414
43.50,38.70,3.434
43.75,38.70,3.453
44.00,38.70,3.473
44.25,38.70,3.493
44.50,38.69,3.512
44.75,38.69,3.532
45.00,38.69,3.552
45.25,38.69,3.571
45.50,38.69,3.591
45.75,38.68,3.611
46.00,38.68,3.630
46.25,38.68,3.650
46.50,38.68,3.670
46.75,38.67,3.689
47.00,38.67,3.709
47.25,38.67,3.729
47.50,38.67,3.748
47.75,38.67,3.768
48.00,38.66,3.788
48.25,38.66,3.807
48.50,38.66,3.827
48.75,38.65,3.846
49.00,38.65,3.866
49.25,38.64,3.886
49.50,38.64,3.905
49.75,38.64,3.925
50.00,38.64,3.945
50.25,38.64,3.964
50.50,38.64,3.984
50.75,38.63,4.004
51.00,38.63,4.023
51.25,38.63,4.043
51.50,38.62,4.062
51.75,38.62,4.082
52.00,38.62,4.102
52.25,38.62,4.121
52.50,38.61,4.141
52.75,38.61,4.160
53.00,38.61,4.180
53.25,38.60,4.200
53.50,38.60,4.219
53.75,38.60,4.239
54.00,38.60,4.259
54.25,38.60,4.278
54.50,38.59,4.298
54.75,38.59,4.317
55.00,38.59,4.337
55.25,38.58,4.357
55.50,38.58,4.376
55.75,38.58,4.396
56.00,38.58,4.415
56.25,38.58,4.435
56.50,38.57,4.455
56.75,38.57,4.474
57.00,38.56,4.494
57.25,38.56,4.513
57.50,38.56,4.533
57.75,38.55,4.553
58.00,38.55,4.572
58.25,38.55,4.592
58.50,38.55,4.611
58.75,38.55,4.631
59.00,38.54,4.651
59.25,38.54,4.670
59.50,38.53,4.690
59.75,38.53,4.709
60.00,38.53,4.729
60.25,38.53,4.748
60.50,38.53,4.768
60.75,38.52,4.788
61.00,38.52,4.807
61.25,38.52,4.827
61.50,38.51,4.846
61.75,38.51,4.866
62.00,38.51,4.885
62.25,38.51,4.905
62.50,38.51,4.925
62.75,38.51,4.944
63.00,38.50,4.964
63.25,38.50,4.983
63.50,38.50,5.003
63.75,38.49,5.022
64.00,38.49,5.042
64.25,38.49,5.061
64.50,38.49,5.081
64.75,38.48,5.101
65.00,38.48,5.120
65.25,38.48,5.140
65.50,38.48,5.159
65.75,38.47,5.179
66.00,38.47,5.198
66.25,38.47,5.218
66.50,38.46,5.237
66.75,38.46,5.257
67.00,38.46,5.277
67.25,38.46,5.296
67.50,38.46,5.316
67.75,38.46,5.335
68.00,38.46,5.355
68.25,38.46,5.374
68.50,38.45,5.394
68.75,38.45,5.413
69.00,38.45,5.433
69.25,38.44,5.452
69.50,38.44,5.472
69.75,38.44,5.491
70.00,38.44,5.511
70.25,38.44,5.531
70.50,38.44,5.550
70.75,38.43,5.570
71.00,38.43,5.589
71.25,38.43,5.609
71.50,38.43,5.628
71.75,38.43,5.648
72.00,38.42,5.667
72.25,38.42,5.687
72.50,38.42,5.706
72.75,38.42,5.726
73.00,38.42,5.745
73.25,38.42,5.765
73.50,38.42,5.784
73.75,38.42,5.804
74.00,38.42,5.823
74.25,38.41,5.843
74.50,38.41,5.862
74.75,38.41,5.882
75.00,38.41,5.901
75.25,38.40,5.921
75.50,38.40,5.940
75.75,38.40,5.960
76.00,38.40,5.980
76.25,38.40,5.999
76.50,38.40,6.019
76.75,38.40,6.038
77.00,38.40,6.058
77.25,38.40,6.077
77.50,38.39,6.097
77.75,38.39,6.116
78.00,38.39,6.136
78.25,38.39,6.155
78.50,38.39,6.175
78.75,38.38,6.194
79.00,38.38,6.214
79.25,38.38,6.233
79.50,38.38,6.253
79.75,38.38,6.272
80.00,38.37,6.292
80.25,38.37,6.311
80.50,38.37,6.331
80.75,38.37,6.350
81.00,38.37,6.370
81.25,38.37,6.389
81.50,38.37,6.409
81.75,38.37,6.428
82.00,38.37,6.448
82.25,38.36,6.467
82.50,38.36,6.487
82.75,38.36,6.506
83.00,38.36,6.526
83.25,38.36,6.545
83.50,38.36,6.565
83.75,38.35,6.584
84.00,38.35,6.604
84.25,38.35,6.623
84.50,38.35,6.642
84.75,38.35,6.662
85.00,38.35,6.681
85.25,38.35,6.701
85.50,38.35,6.720
85.75,38.35,6.740
86.00,38.35,6.759
86.25,38.35,6.779
86.50,38.34,6.798
86.75,38.34,6.818
87.00,38.34,6.837
87.25,38.34,6.857
87.50,38.34,6.876
87.75,38.34,6.896
88.00,38.34,6.915
88.25,38.33,6.935
88.50,38.33,6.954
88.75,38.33,6.974
89.00,38.33,6.993
89.25,38.33,7.013
89.50,38.33,7.032
89.75,38.33,7.052
90.00,38.33,7.071
90.25,38.33,7.091
90.50,38.33,7.110
90.75,38.33,7.130
91.00,38.33,7.149
91.25,38.33,7.168
91.50,38.33,7.188
91.75,38.32,7.207
92.00,38.32,7.227
92.25,38.32,7.246
92.50,38.32,7.266
92.75,38.32,7.285
93.00,38.32,7.305
93.25,38.31,7.324
93.50,38.32,7.344
93.75,38.31,7.363
94.00,38.31,7.383
94.25,38.31,7.402
94.50,38.31,7.422
94.75,38.31,7.441
95.00,38.31,7.461
95.25,38.31,7.480
95.50,38.30,7.499
95.75,38.30,7.519
96.00,38.30,7.538
96.25,38.30,7.558
96.50,38.30,7.577
96.75,38.30,7.597
97.00,38.30,7.616
97.25,38.30,7.636
97.50,38.30,7.655
97.75,38.30,7.675
98.00,38.30,7.694
98.25,38.29,7.714
98.50,38.29,7.733
98.75,38.29,7.752
99.00,38.29,7.772
99.25,38.29,7.791
99.50,38.29,7.811
99.75,38.29,7.830
100.00,38.28,7.850
100.25,38.28,7.869
100.50,38.28,7.889
100.75,38.28,7.908
101.00,38.28,7.928
101.25,38.28,7.947
101.50,38.28,7.966
101.75,38.28,7.986
102.00,38.28,8.005
102.25,38.28,8.025
102.50,38.28,8.044
102.75,38.28,8.064
103.00,38.28,8.083
103.25,38.28,8.103
103.50,38.27,8.122
103.75,38.27,8.141
104.00,38.27,8.161
104.25,38.27,8.180
104.50,38.27,8.200
104.75,38.27,8.219
105.00,38.27,8.239
105.25,38.26,8.258
105.50,38.27,8.278
105.75,38.27,8.297
106.00,38.26,8.316
106.25,38.26,8.336
106.50,38.26,8.355
106.75,38.26,8.375
107.00,38.26,8.394
107.25,38.26,8.414
107.50,38.26,8.433
107.75,38.26,8.453
108.00,38.26,8.472
108.25,38.26,8.491
108.50,38.25,8.511
108.75,38.25,8.530
109.00,38.25,8.550
109.25,38.25,8.569
109.50,38.25,8.589
109.75,38.25,8.608
110.00,38.25,8.627
110.25,38.24,8.647
110.50,38.24,8.666
110.75,38.24,8.686
111.00,38.24,8.705
111.25,38.24,8.725
111.50,38.24,8.744
111.75,38.24,8.763
112.00,38.24,8.783
112.25,38.23,8.802
112.50,38.23,8.822
112.75,38.23,8.841
113.00,38.23,8.861
113.25,38.23,8.880
113.50,38.23,8.899
113.75,38.23,8.919
114.00,38.23,8.938
114.25,38.22,8.958
114.50,38.22,8.977
114.75,38.22,8.997
115.00,38.22,9.016
115.25,38.22,9.035
115.50,38.22,9.055
115.75,38.21,9.074
116.00,38.21,9.094
116.25,38.21,9.113
116.50,38.21,9.133
116.75,38.21,9.152
117.00,38.21,9.171
117.25,38.21,9.191
117.50,38.21,9.210
117.75,38.21,9.230
118.00,38.21,9.249
118.25,38.21,9.268
118.50,38.20,9.288
118.75,38.20,9.307
119.00,38.20,9.327
119.25,38.20,9.346
119.50,38.19,9.365
119.75,38.19,9.385
120.00,38.19,9.404
120.25,38.19,9.424
120.50,38.19,9.443
120.75,38.19,9.462
121.00,38.19,9.482
121.25,38.19,9.501
121.50,38.19,9.521
121.75,38.18,9.540
122.00,38.18,9.560
122.25,38.18,9.579
122.50,38.18,9.598
122.75,38.18,9.618
123.00,38.18,9.637
123.25,38.17,9.657
123.50,38.17,9.676
123.75,38.17,9.695
124.00,38.17,9.715
124.25,38.17,9.734
124.50,38.17,9.753
124.75,38.17,9.773
125.00,38.17,9.792
125.25,38.16,9.812
125.50,38.16,9.831
125.75,38.16,9.850
126.00,38.16,9.870
126.25,38.16,9.889
126.50,38.16,9.909
126.75,38.15,9.928
127.00,38.15,9.947
127.25,38.15,9.967
127.50,38.15,9.986
127.75,38.15,10.006
128.00,38.15,10.025
128.25,38.15,10.044
128.50,38.14,10.064
128.75,38.14,10.083
129.00,38.14,10.102
129.25,38.14,10.122
129.50,38.14,10.141
129.75,38.13,10.161
130.00,38.13,10.180
130.25,38.13,10.199
130.50,38.13,10.219
130.75,38.13,10.238
131.00,38.12,10.257
131.25,38.12,10.277
131.50,38.12,10.296
131.75,38.12,10.316
132.00,38.12,10.335
132.25,38.12,10.354
132.50,38.12,10.374
132.75,38.12,10.393
133.00,38.11,10.412
133.25,38.11,10.432
133.50,38.11,10.451
133.75,38.10,10.470
134.00,38.10,10.490
134.25,38.10,10.509
134.50,38.10,10.529
134.75,38.10,10.548
135.00,38.09,10.567
135.25,38.09,10.587
135.50,38.09,10.606
135.75,38.09,10.625
136.00,38.09,10.645
136.25,38.08,10.664
136.50,38.08,10.683
136.75,38.08,10.703
137.00,38.08,10.722
137.25,38.08,10.741
137.50,38.08,10.761
137.75,38.07,10.780
138.00,38.07,10.799
138.25,38.07,10.819
138.50,38.07,10.838
138.75,38.06,10.858
139.00,38.06,10.877
139.25,38.06,10.896
139.50,38.06,10.916
139.75,38.06,10.935
140.00,38.05,10.954
140.25,38.05,10.974
140.50,38.05,10.993
140.75,38.05,11.012
141.00,38.04,11.032
141.25,38.04,11.051
141.50,38.04,11.070
141.75,38.03,11.090
142.00,38.03,11.109
142.25,38.03,11.128
142.50,38.03,11.148
142.75,38.03,11.167
143.00,38.02,11.186
143.25,38.02,11.205
143.50,38.02,11.225
143.75,38.01,11.244
144.00,38.01,11.263
144.25,38.01,11.283
144.50,38.01,11.302
144.75,38.01,11.321
145.00,38.00,11.341
145.25,38.00,11.360
145.50,38.00,11.379
145.75,37.99,11.399
146.00,37.99,11.418
146.25,37.99,11.437
146.50,37.99,11.456
146.75,37.98,11.476
147.00,37.98,11.495
147.25,37.98,11.514
147.50,37.97,11.534
147.75,37.97,11.553
148.00,37.97,11.572
148.25,37.96,11.592
148.50,37.96,11.611
148.75,37.96,11.630
149.00,37.96,11.649
149.25,37.95,11.669
149.50,37.95,11.688
149.75,37.94,11.707
150.00,37.94,11.727
150.25,37.94,11.746
150.50,37.94,11.765
150.75,37.93,11.784
151.00,37.93,11.804
151.25,37.92,11.823
151.50,37.92,11.842
151.75,37.92,11.861
152.00,37.91,11.881
152.25,37.91,11.900
152.50,37.90,11.919
152.75,37.90,11.939
153.00,37.90,11.958
153.25,37.89,11.977
153.50,37.89,11.996
153.75,37.88,12.016
154.00,37.88,12.035
154.25,37.88,12.054
154.50,37.87,12.073
154.75,37.87,12.092
155.00,37.86,12.112
155.25,37.86,12.131
155.50,37.85,12.150
155.75,37.85,12.169
156.00,37.85,12.189
156.25,37.84,12.208
156.50,37.84,12.227
156.75,37.83,12.246
157.00,37.83,12.266
157.25,37.83,12.285
157.50,37.82,12.304
157.75,37.81,12.323
158.00,37.81,12.342
158.25,37.81,12.362
158.50,37.80,12.381
158.75,37.79,12.400
159.00,37.79,12.419
159.25,37.78,12.438
159.50,37.78,12.458
159.75,37.77,12.477
160.00,37.76,12.496
160.25,37.76,12.515
160.50,37.75,12.534
160.75,37.75,12.554
161.00,37.74,12.573
161.25,37.74,12.592
161.50,37.73,12.611
161.75,37.72,12.630
162.00,37.72,12.649
162.25,37.71,12.669
162.50,37.70,12.688
162.75,37.70,12.707
163.00,37.69,12.726
163.25,37.68,12.745
163.50,37.68,12.764
163.75,37.67,12.783
164.00,37.66,12.803
164.25,37.65,12.822
164.50,37.65,12.841
164.75,37.64,12.860
165.00,37.63,12.879
165.25,37.62,12.898
165.50,37.61,12.917
165.75,37.60,12.936
166.00,37.60,12.956
166.25,37.59,12.975
166.50,37.58,12.994
166.75,37.57,13.013
167.00,37.56,13.032
167.25,37.56,13.051
167.50,37.55,13.070
167.75,37.54,13.089
168.00,37.53,13.108
168.25,37.52,13.127
168.50,37.51,13.146
168.75,37.50,13.165
169.00,37.49,13.184
169.25,37.48,13.204
169.50,37.47,13.223
169.75,37.46,13.242
170.00,37.45,13.261
170.25,37.44,13.280
170.50,37.43,13.299
170.75,37.42,13.318
171.00,37.41,13.337
171.25,37.40,13.356
171.50,37.39,13.375
171.75,37.38,13.394
172.00,37.37,13.413
172.25,37.35,13.432
172.50,37.35,13.451
172.75,37.33,13.470
173.00,37.32,13.489
173.25,37.31,13.508
173.50,37.30,13.526
173.75,37.29,13.545
174.00,37.28,13.564
174.25,37.27,13.583
174.50,37.26,13.602
174.75,37.24,13.621
175.00,37.23,13.640
175.25,37.22,13.659
175.50,37.21,13.678
175.75,37.20,13.697
176.00,37.19,13.716
176.25,37.18,13.735
176.50,37.17,13.753
176.75,37.15,13.772
177.00,37.14,13.791
177.25,37.13,13.810
177.50,37.12,13.829
177.75,37.11,13.848
178.00,37.10,13.867
178.25,37.09,13.886
178.50,37.08,13.904
178.75,37.08,13.923
179.00,37.07,13.942
179.25,37.06,13.961
179.50,37.05,13.980
179.75,37.04,13.999
180.00,37.03,14.017
180.25,37.02,14.036
180.50,37.01,14.055
180.75,37.00,14.074
181.00,36.99,14.093
181.25,36.99,14.111
181.50,36.97,14.130
181.75,36.97,14.149
182.00,36.96,14.168
182.25,36.95,14.186
182.50,36.94,14.205
182.75,36.94,14.224
183.00,36.93,14.243
183.25,36.92,14.262
183.50,36.91,14.280
183.75,36.90,14.299
184.00,36.90,14.318
184.25,36.89,14.337
184.50,36.88,14.355
184.75,36.87,14.374
185.00,36.86,14.393
185.25,36.85,14.411
185.50,36.84,14.430
185.75,36.83,14.449
186.00,36.82,14.468
186.25,36.81,14.486
186.50,36.80,14.505
186.75,36.79,14.524
187.00,36.78,14.542
187.25,36.77,14.561
187.50,36.76,14.580
187.75,36.75,14.598
188.00,36.74,14.617
188.25,36.72,14.636
188.50,36.71,14.654
188.75,36.70,14.673
189.00,36.69,14.692
189.25,36.68,14.710
189.50,36.67,14.729
189.75,36.65,14.748
190.00,36.64,14.766
190.25,36.63,14.785
190.50,36.61,14.803
190.75,36.59,14.822
191.00,36.58,14.841
191.25,36.57,14.859
191.50,36.55,14.878
191.75,36.53,14.896
192.00,36.52,14.915
192.25,36.50,14.933
192.50,36.49,14.952
192.75,36.47,14.971
193.00,36.45,14.989
193.25,36.42,15.008
193.50,36.41,15.026
193.75,36.38,15.045
194.00,36.36,15.063
194.25,36.34,15.081
194.50,36.32,15.100
194.75,36.30,15.118
195.00,36.27,15.137
195.25,36.25,15.155
195.50,36.22,15.174
195.75,36.19,15.192
196.00,36.17,15.210
196.25,36.14,15.229
196.50,36.11,15.247
196.75,36.08,15.265
197.00,36.05,15.284
197.25,36.01,15.302
197.50,35.98,15.320
197.75,35.94,15.339
198.00,35.90,15.357
198.25,35.86,15.375
198.50,35.82,15.393
198.75,35.78,15.411
199.00,35.74,15.430
199.25,35.69,15.448
199.50,35.64,15.466
199.75,35.60,15.484
200.00,35.54,15.502
200.25,35.49,15.520
200.50,35.44,15.538
200.75,35.38,15.556
201.00,35.32,15.574
201.25,35.26,15.592
201.50,35.20,15.610
201.75,35.13,15.628
202.00,35.07,15.645
202.25,35.00,15.663
202.50,34.93,15.681
202.75,34.85,15.699
203.00,34.78,15.716
discharge reached: 15.716 mAh consumed
